Workbook

Sheet parameters
B2: ORCH_1_Dstop | C2: ORCH_1_Drestart | D2: ORCH_1_Fstop | E2: ORCH_1_Frestart | F2: PSCS__TAU | G2: HUM_1_VEL | H2: HUM_2_VEL | I2: HUM_1_FW | J2: HUM_1_FTG | K2: HUM_2_FW | L2: HUM_2_FTG | M2: HUM_2_POS | N2: ROB_1_VEL | O2: ROB_1_CHG | P2: PRSCS_LOWER_BOUND | Q2: PRSCS_UPPER_BOUND
A3: min | B3: =MIN(data!A:A) -> 5.0000534 | C3: =MIN(data!B:B) -> 2.0022884 | D3: =MIN(data!C:C) -> 0.50022994 | E3: =MIN(data!D:D) -> 0.10000516 | F3: =MIN(data!E:E) -> 250 | G3: =MIN(data!F:F) -> 30.137567 | H3: =MIN(data!G:G) -> 30.048694 | I3: foc=focused, free=free, distr=distracted | J3: y=young, e=elderly, h=healthy, s=sick, u=unsteady | K3: foc=focused, free=free, distr=distracted | L3: y=young, e=elderly, h=healthy, s=sick, u=unsteady | N3: =MIN(data!M:M) -> 30.053797 | O3: =MIN(data!N:N) -> 11.100631 | P3: =MIN(data!O:O) -> 0 | Q3: =MIN(data!P:P) -> 0.0981446
A4: max | B4: =MAX(data!A:A) -> 7.4972919 | C4: =MAX(data!B:B) -> 4.498586 | D4: =MAX(data!C:C) -> 0.79995259 | E4: =MAX(data!D:D) -> 0.39969875 | F4: =MAX(data!E:E) -> 700 | G4: =MAX(data!F:F) -> 99.844128 | H4: =MAX(data!G:G) -> 99.990875 | N4: =MAX(data!M:M) -> 99.914865 | O4: =MAX(data!N:N) -> 12.399494 | P4: =MAX(data!O:O) -> 0.901855 | Q4: =MAX(data!P:P) -> 1
A5: avg | B5: =AVERAGE(data!A:A) -> 6.244977 | C5: =AVERAGE(data!B:B) -> 3.2420566 | D5: =AVERAGE(data!C:C) -> 0.65392718 | E5: =AVERAGE(data!D:D) -> 0.24900644 | F5: =AVERAGE(data!E:E) -> 474.223 | G5: =AVERAGE(data!F:F) -> 66.20255 | H5: =AVERAGE(data!G:G) -> 64.392474 | N5: =AVERAGE(data!M:M) -> 64.598722 | O5: =AVERAGE(data!N:N) -> 11.7438 | P5: =AVERAGE(data!O:O) -> 0.36058073 | Q5: =AVERAGE(data!P:P) -> 0.45939628
A6: variance | B6: =VAR(data!A:A) -> 0.52260666 | C6: =VAR(data!B:B) -> 0.49639906 | D6: =VAR(data!C:C) -> 0.0078022664 | E6: =VAR(data!D:D) -> 0.0079441985 | F6: =VAR(data!E:E) -> 16807.981 | G6: =VAR(data!F:F) -> 386.29753 | H6: =VAR(data!G:G) -> 425.07274 | N6: =VAR(data!M:M) -> 423.71538 | O6: =VAR(data!N:N) -> 0.14421844 | P6: =VAR(data!O:O) -> 0.14722589 | Q6: =VAR(data!P:P) -> 0.1472915

Sheet data
A1: ORCH_1_Dstop | B1: ORCH_1_Drestart | C1: ORCH_1_Fstop | D1: ORCH_1_Frestart | E1: PSCS__TAU | F1: HUM_1_VEL | G1: HUM_2_VEL | H1: HUM_1_FW | I1: HUM_1_FTG | J1: HUM_2_FW | K1: HUM_2_FTG | L1: HUM_2_POS | M1: ROB_1_VEL | N1: ROB_1_CHG | O1: PRSCS_LOWER_BOUND | P1: PRSCS_UPPER_BOUND | Q1: FTG_HUM_1 | R1: FTG_HUM_2
A2: 6.8690013 | B2: 2.6712016 | C2: 0.73139918 | D2: 0.11678592 | E2: 376 | F2: 39.227715 | G2: 87.034458 | H2: foc | I2: y/h | J2: free | K2: e/u | L2: 2903.97, 230.19 | M2: 31.854988 | N2: 11.500305 | O2: 0.901855 | P2: 1 | Q2: 0.0736+-0.0002 | R2: 0.8817+-0.0000
A3: 7.3518513 | B3: 3.2906703 | C3: 0.55380284 | D3: 0.16918049 | E3: 326 | F3: 59.748092 | G3: 85.415259 | H3: free | I3: e/h | J3: foc | K3: y/u | L3: 3048.30, 502.54 | M3: 57.888067 | N3: 11.177836 | O3: 0.901855 | P3: 1 | Q3: 0.0398+-0.0077 | R3: 0.6668+-0.0083
A4: 5.8825948 | B4: 3.2298287 | C4: 0.53479319 | D4: 0.16292267 | E4: 479 | F4: 43.43546 | G4: 65.091766 | H4: distr | I4: e/u | J4: distr | K4: y/s | L4: 2833.24, 364.23 | M4: 74.903043 | N4: 11.213808 | O4: 0.0337242 | P4: 0.133311 | Q4: 0.8049+-0.0167 | R4: 0.0327+-0.0327
A5: 6.0000228 | B5: 2.9216227 | C5: 0.69455688 | D5: 0.1389941 | E5: 483 | F5: 91.729516 | G5: 35.615705 | H5: free | I5: e/u | J5: free | K5: e/h | L5: 120.30, 274.72 | M5: 35.183258 | N5: 12.201164 | O5: 0 | P5: 0.0981446 | Q5: 0.9985+-0.0000 | R5: 0.0000+-0.0000
A6: 7.441865 | B6: 3.1363369 | C6: 0.72868699 | D6: 0.17221243 | E6: 644 | F6: 39.669024 | G6: 78.553527 | H6: free | I6: y/s | J6: free | K6: y/s | L6: 1425.68, 583.33 | M6: 31.6245 | N6: 12.389621 | O6: 0.901855 | P6: 1 | Q6: 0.2043+-0.0360 | R6: 0.1207+-0.0206
A7: 7.3335039 | B7: 3.9192023 | C7: 0.63458985 | D7: 0.18436026 | E7: 613 | F7: 86.874752 | G7: 51.993415 | H7: foc | I7: y/s | J7: foc | K7: y/h | L7: 2605.55, 448.23 | M7: 39.108809 | N7: 12.25213 | O7: 0 | P7: 0.0981446 | Q7: 0.2679+-0.0532 | R7: 0.0000+-0.0000
A8: 7.3811567 | B8: 3.8922076 | C8: 0.6585048 | D8: 0.168327 | E8: 263 | F8: 51.394267 | G8: 30.783293 | H8: distr | I8: y/h | J8: distr | K8: y/h | L8: 2789.49, 340.44 | M8: 83.167205 | N8: 11.224842 | O8: 0 | P8: 0.0981446 | Q8: 0.0226+-0.0016 | R8: 0.0231+-0.0066
A9: 7.4942415 | B9: 2.5298076 | C9: 0.51718428 | D9: 0.1049609 | E9: 413 | F9: 97.610606 | G9: 95.999722 | H9: distr | I9: e/h | J9: distr | K9: y/u | L9: 1439.52, 588.88 | M9: 40.599503 | N9: 11.946743 | O9: 0.0257282 | P9: 0.125623 | Q9: 0.0582+-0.0076 | R9: 0.4039+-0.4039
A10: 6.5791841 | B10: 3.1654558 | C10: 0.50235164 | D10: 0.2140762 | E10: 317 | F10: 49.488813 | G10: 34.390373 | H10: distr | I10: e/u | J10: distr | K10: e/h | L10: 3010.97, 236.87 | M10: 67.720998 | N10: 11.719972 | O10: 0 | P10: 0.0981446 | Q10: 0.9396+-0.0190 | R10: 0.0073+-0.0073
A11: 5.0564803 | B11: 4.3905922 | C11: 0.5455757 | D11: 0.23658015 | E11: 588 | F11: 35.084731 | G11: 84.600438 | H11: distr | I11: y/h | J11: free | K11: y/h | L11: 2734.00, 259.68 | M11: 89.297362 | N11: 12.059112 | O11: 0.901855 | P11: 1 | Q11: 0.0495+-0.0025 | R11: 0.0366+-0.0022
A12: 5.2028772 | B12: 4.1218829 | C12: 0.69789179 | D12: 0.34537941 | E12: 429 | F12: 41.705269 | G12: 31.555973 | H12: foc | I12: y/h | J12: distr | K12: e/u | L12: 2636.32, 535.99 | M12: 90.334596 | N12: 12.27987 | O12: 0.0519702 | P12: 0.151639 | Q12: 0.0300+-0.0005 | R12: 0.7991+-0.0205
A13: 6.3906568 | B13: 3.8231253 | C13: 0.52413717 | D13: 0.35775858 | E13: 698 | F13: 36.328075 | G13: 32.697594 | H13: foc | I13: y/h | J13: foc | K13: e/s | L13: 2149.17, 207.59 | M13: 32.859215 | N13: 11.862478 | O13: 0.901855 | P13: 1 | Q13: 0.0663+-0.0000 | R13: 0.2808+-0.0000
... A1001: 6.4485113 | B1001: 2.2738835 | C1001: 0.50892911 | D1001: 0.12776456 | E1001: 486 | F1001: 39.742451 | G1001: 75.383663 | H1001: free | I1001: e/s | J1001: distr | K1001: y/h | L1001: 904.33, 747.77 | M1001: 92.147912 | N1001: 11.156926 | O1001: 0.107051 | P1001: 0.206887 | Q1001: 0.3429+-0.1892 | R1001: 0.0173+-0.0000
